{
  "Months": [
    "Jul-22",
    "Aug-22",
    "Sep-22",
    "Oct-22",
    "Nov-22",
    "Dec-22",
    "Jan-23",
    "Feb-23",
    "Mar-23",
    "Apr-23",
    "May-23",
    "Jun-23",
    "Total"
  ],
  "Hours": [
    744,
    744,
    720,
    744,
    720,
    744,
    744,
    672,
    744,
    720,
    744,
    720,
    8760
  ],
  "Forecast (MW)": [
    2.2475873655914,
    2.04704301075269,
    1.98713888888889,
    1.79460349462366,
    1.78069444444444,
    1.84782258064516,
    1.97514784946237,
    2.06604910714286,
    1.90731182795699,
    1.72919444444444,
    1.88635752688172,
    2.09118055555556,
    1.94624029680365
  ],
  "Hedge Volume (MW)": [
    2,
    2,
    2,
    0,
    0,
    0,
    0,
    0,
    0,
    0,
    0,
    0,
    0.504109589041096
  ],
  "Hedge Cover %": [
    0.889843051539733,
    0.977019041365726,
    1.00647217523799,
    0,
    0,
    0,
    0,
    0,
    0,
    0,
    0,
    0,
    3.08286700766288
  ],
  "Spot Cost (Average)": [
    463009.791666667,
    411798.916666667,
    310247.416666667,
    268718.5,
    220854.541666667,
    239322.416666667,
    335607.416666667,
    319663.125,
    314650.541666667,
    299778.166666667,
    339359.583333333,
    363080.375,
    3886090.79166667
  ],
  "Hedge Debit /Credit Scenarios": [
    67512.6333333333,
    69084.6,
    29435.36,
    0,
    0,
    0,
    0,
    0,
    0,
    0,
    0,
    0,
    166032.593333333
  ],
  "Max Cost of Electricity ($)": [
    405052.2,
    320981.4,
    311197.32,
    290239.5,
    235667,
    263995,
    378422.5,
    378508,
    368776.5,
    319251,
    350768,
    385303.5,
    4008161.92
  ],
  "Forecast Cost of Electricity ($)": [
    395497.158333333,
    342714.316666667,
    280812.056666667,
    268718.5,
    220854.541666667,
    239322.416666667,
    335607.416666667,
    319663.125,
    314650.541666667,
    299778.166666667,
    339359.583333333,
    363080.375,
    3720058.19833333
  ],
  "Min Cost of Electricity ($)": [
    301467.6,
    200179.2,
    174400.8,
    253310,
    210026,
    223239,
    314200,
    294440.5,
    296879.5,
    290912.5,
    329886.5,
    351446.5,
    3240388.1
  ],
  "Cost of Electricity ($/MWh)": [
    236.512364413055,
    225.025815276866,
    196.270501046079,
    201.259376041522,
    172.259996620128,
    174.080519549795,
    228.380491910002,
    230.240981428062,
    221.734793710302,
    240.781808056631,
    241.803828660325,
    241.14526948494,
    2609.49574619771
  ],
  "Budget ($/MWh)": [
    210,
    210,
    210,
    210,
    210,
    210,
    210,
    210,
    210,
    210,
    210,
    210,
    210
  ],
  "Forecast vs Budget ($/MWh)": [
    -26.5123644130554,
    -15.0258152768659,
    13.7294989539213,
    8.74062395847773,
    37.7400033798715,
    35.9194804502054,
    -18.3804919100018,
    -20.2409814280621,
    -11.7347937103018,
    -30.781808056631,
    -31.8038286603252,
    -31.1452694849401,
    -7.40599345927935
  ],
  "Forecast vs Budget ($)": [
    -44334.1083333332,
    -22884.3166666668,
    19643.3433333333,
    11670.3500000001,
    48386.4583333333,
    49381.3833333334,
    -27010.3166666668,
    -28102.275,
    -16652.1416666666,
    -38323.9666666667,
    -44635.0833333334,
    -46893.8750000001,
    -139754.548333334
  ]
}